index,name,datatype,source_node,source_property
0,MCM09_Communication_Fault_Reset_PB_I,BOOL,MCM09,communication_fault_reset_pb_tag_name
1,MCM09_EStop_PB_CH1_I,BOOL,MCM09,estop_ch1_tag_name
2,MCM09_EStop_PB_CH2_I,BOOL,MCM09,estop_ch2_tag_name
3,MCM09_Fire_Relay_I,BOOL,MCM09,fire_relay_tag_name
4,MCM09_Jam_Restart_PB_I,BOOL,MCM09,jam_restart_pb_tag_name
5,MCM09_Low_Air_Pressure_Reset_PB_I,BOOL,MCM09,low_air_pressure_reset_pb_tag_name
6,MCM09_Motor_Fault_Reset_PB_I,BOOL,MCM09,motor_fault_reset_pb_tag_name
7,MCM09_NAT_Switch_Fault_I,BOOL,MCM09,nat_switch_fault_tag_name
8,MCM09_On_UPS_I,BOOL,MCM09,on_ups_tag_name
9,MCM09_Power_Branch_Fault_Reset_PB_I,BOOL,MCM09,power_branch_fault_reset_pb_tag_name
10,MCM09_Start_PB_I,BOOL,MCM09,start_pb_tag_name
11,MCM09_Stop_PB_I,BOOL,MCM09,stop_pb_tag_name
12,MCM09_UPS_Fault_I,BOOL,MCM09,ups_fault_tag_name
13,MCM09_UPS_Low_I,BOOL,MCM09,ups_low_tag_name
14,NCP1_1_DISC_OIP,BOOL,NCP1_1_DISC,aux_disconnect_closed_tag_name
15,NCP1_1_DPM1_OIP,BOOL,NCP1_1_DPM1,pushbutton_tag_name
16,NCP1_1_JR1_PB_OIP,BOOL,NCP1_1_JR1,pushbutton_tag_name
17,NCP1_1_TPE1_OIP,BOOL,NCP1_1_TPE1,tag_name
18,NCP1_1_TPE2_OIP,BOOL,NCP1_1_TPE2,tag_name
19,NCP1_1_TPE3_OIP,BOOL,NCP1_1_TPE3,tag_name
20,NCP1_1_VFD:I.ConnectionFaulted,BOOL,NCP1_1_VFD_APF,connection_faulted_tag_name
21,NCP1_1_VFD:I.DisconnectClosed,BOOL,NCP1_1_VFD_APF,disconnect_closed_tag_name
22,NCP1_1_VFD:I.Fault,BOOL,NCP1_1_VFD_APF,fault_tag_name
23,NCP1_1_VFD:I.KeypadHandMode,BOOL,NCP1_1_VFD_APF,keypad_hand_mode_tag_name
24,NCP1_1_VFD:I.OutputCurrent,REAL,NCP1_1_VFD_APF,output_current_tag_name
25,NCP1_1_VFD:I.OutputVoltage,REAL,NCP1_1_VFD_APF,output_voltage_tag_name
26,NCP1_1_VFD:I.Running,BOOL,NCP1_1_VFD_APF,running_tag_name
27,NCP1_1_VFD:I.SafeTorqueEnabled,BOOL,NCP1_1_VFD_APF,safe_torque_enabled_tag_name
28,NCP1_1_VFD:I.TripFaultCode,DINT,NCP1_1_VFD_APF,trip_fault_code_tag_name
29,NCP1_1_VFD:I.Velocity,REAL,NCP1_1_VFD_APF,velocity_tag_name
30,NCP1_2_DISC_OIP,BOOL,NCP1_2_DISC,aux_disconnect_closed_tag_name
31,NCP1_2_DPM1_OIP,BOOL,NCP1_2_DPM1,pushbutton_tag_name
32,NCP1_2_FIOM1_OIP,BOOL,NCP1_2_FIOM1,pushbutton_tag_name
33,NCP1_2_JR1_PB_OIP,BOOL,NCP1_2_JR1,pushbutton_tag_name
34,NCP1_2_TPE1_OIP,BOOL,NCP1_2_TPE1,tag_name
35,NCP1_2_TPE2_OIP,BOOL,NCP1_2_TPE2,tag_name
36,NCP1_2_TPE3_OIP,BOOL,NCP1_2_TPE3,tag_name
37,NCP1_2_VFD:I.ConnectionFaulted,BOOL,NCP1_2_VFD_APF,connection_faulted_tag_name
38,NCP1_2_VFD:I.DisconnectClosed,BOOL,NCP1_2_VFD_APF,disconnect_closed_tag_name
39,NCP1_2_VFD:I.Fault,BOOL,NCP1_2_VFD_APF,fault_tag_name
40,NCP1_2_VFD:I.KeypadHandMode,BOOL,NCP1_2_VFD_APF,keypad_hand_mode_tag_name
41,NCP1_2_VFD:I.OutputCurrent,REAL,NCP1_2_VFD_APF,output_current_tag_name
42,NCP1_2_VFD:I.OutputVoltage,REAL,NCP1_2_VFD_APF,output_voltage_tag_name
43,NCP1_2_VFD:I.Running,BOOL,NCP1_2_VFD_APF,running_tag_name
44,NCP1_2_VFD:I.SafeTorqueEnabled,BOOL,NCP1_2_VFD_APF,safe_torque_enabled_tag_name
45,NCP1_2_VFD:I.TripFaultCode,DINT,NCP1_2_VFD_APF,trip_fault_code_tag_name
46,NCP1_2_VFD:I.Velocity,REAL,NCP1_2_VFD_APF,velocity_tag_name
47,NCP1_3_DISC_OIP,BOOL,NCP1_3_DISC,aux_disconnect_closed_tag_name
48,NCP1_3_DPM1_OIP,BOOL,NCP1_3_DPM1,pushbutton_tag_name
49,NCP1_3_FIOM1_OIP,BOOL,NCP1_3_FIOM1,pushbutton_tag_name
50,NCP1_3_JR1_PB_OIP,BOOL,NCP1_3_JR1,pushbutton_tag_name
51,NCP1_3_JR2_PB_OIP,BOOL,NCP1_3_JR2,pushbutton_tag_name
52,NCP1_3_TPE1_OIP,BOOL,NCP1_3_TPE1,tag_name
53,NCP1_3_TPE2_OIP,BOOL,NCP1_3_TPE2,tag_name
54,NCP1_3_TPE3_OIP,BOOL,NCP1_3_TPE3,tag_name
55,NCP1_3_TPE4_OIP,BOOL,NCP1_3_TPE4,tag_name
56,NCP1_3_TPE5_OIP,BOOL,NCP1_3_TPE5,tag_name
57,NCP1_3_VFD:I.ConnectionFaulted,BOOL,NCP1_3_VFD_APF,connection_faulted_tag_name
58,NCP1_3_VFD:I.DisconnectClosed,BOOL,NCP1_3_VFD_APF,disconnect_closed_tag_name
59,NCP1_3_VFD:I.Fault,BOOL,NCP1_3_VFD_APF,fault_tag_name
60,NCP1_3_VFD:I.KeypadHandMode,BOOL,NCP1_3_VFD_APF,keypad_hand_mode_tag_name
61,NCP1_3_VFD:I.OutputCurrent,REAL,NCP1_3_VFD_APF,output_current_tag_name
62,NCP1_3_VFD:I.OutputVoltage,REAL,NCP1_3_VFD_APF,output_voltage_tag_name
63,NCP1_3_VFD:I.Running,BOOL,NCP1_3_VFD_APF,running_tag_name
64,NCP1_3_VFD:I.SafeTorqueEnabled,BOOL,NCP1_3_VFD_APF,safe_torque_enabled_tag_name
65,NCP1_3_VFD:I.TripFaultCode,DINT,NCP1_3_VFD_APF,trip_fault_code_tag_name
66,NCP1_3_VFD:I.Velocity,REAL,NCP1_3_VFD_APF,velocity_tag_name
67,NCP1_4A_DISC_OIP,BOOL,NCP1_4A_DISC,aux_disconnect_closed_tag_name
68,NCP1_4A_VFD:I.ConnectionFaulted,BOOL,NCP1_4A_VFD_APF,connection_faulted_tag_name
69,NCP1_4A_VFD:I.DisconnectClosed,BOOL,NCP1_4A_VFD_APF,disconnect_closed_tag_name
70,NCP1_4A_VFD:I.Fault,BOOL,NCP1_4A_VFD_APF,fault_tag_name
71,NCP1_4A_VFD:I.KeypadHandMode,BOOL,NCP1_4A_VFD_APF,keypad_hand_mode_tag_name
72,NCP1_4A_VFD:I.OutputCurrent,REAL,NCP1_4A_VFD_APF,output_current_tag_name
73,NCP1_4A_VFD:I.OutputVoltage,REAL,NCP1_4A_VFD_APF,output_voltage_tag_name
74,NCP1_4A_VFD:I.Running,BOOL,NCP1_4A_VFD_APF,running_tag_name
75,NCP1_4A_VFD:I.SafeTorqueEnabled,BOOL,NCP1_4A_VFD_APF,safe_torque_enabled_tag_name
76,NCP1_4A_VFD:I.TripFaultCode,DINT,NCP1_4A_VFD_APF,trip_fault_code_tag_name
77,NCP1_4A_VFD:I.Velocity,REAL,NCP1_4A_VFD_APF,velocity_tag_name
78,NCP1_4B_DISC_OIP,BOOL,NCP1_4B_DISC,aux_disconnect_closed_tag_name
79,NCP1_4B_VFD:I.ConnectionFaulted,BOOL,NCP1_4B_VFD_APF,connection_faulted_tag_name
80,NCP1_4B_VFD:I.DisconnectClosed,BOOL,NCP1_4B_VFD_APF,disconnect_closed_tag_name
81,NCP1_4B_VFD:I.Fault,BOOL,NCP1_4B_VFD_APF,fault_tag_name
82,NCP1_4B_VFD:I.KeypadHandMode,BOOL,NCP1_4B_VFD_APF,keypad_hand_mode_tag_name
83,NCP1_4B_VFD:I.OutputCurrent,REAL,NCP1_4B_VFD_APF,output_current_tag_name
84,NCP1_4B_VFD:I.OutputVoltage,REAL,NCP1_4B_VFD_APF,output_voltage_tag_name
85,NCP1_4B_VFD:I.Running,BOOL,NCP1_4B_VFD_APF,running_tag_name
86,NCP1_4B_VFD:I.SafeTorqueEnabled,BOOL,NCP1_4B_VFD_APF,safe_torque_enabled_tag_name
87,NCP1_4B_VFD:I.TripFaultCode,DINT,NCP1_4B_VFD_APF,trip_fault_code_tag_name
88,NCP1_4B_VFD:I.Velocity,REAL,NCP1_4B_VFD_APF,velocity_tag_name
89,NCP1_5_TPE1_OIP,BOOL,NCP1_5_TPE1,tag_name
90,PDP04_CB10_OIP,BOOL,CB10,pushbutton_tag_name
91,PDP04_CB11_OIP,BOOL,CB11,pushbutton_tag_name
92,PDP04_CB12_OIP,BOOL,CB12,pushbutton_tag_name
93,PDP04_CB13_OIP,BOOL,CB13,pushbutton_tag_name
94,PDP04_CB14_OIP,BOOL,CB14,pushbutton_tag_name
95,PDP04_CB15_OIP,BOOL,CB15,pushbutton_tag_name
96,PDP04_CB16_OIP,BOOL,CB16,pushbutton_tag_name
97,PDP04_CB17_OIP,BOOL,CB17,pushbutton_tag_name
98,PDP04_CB18_OIP,BOOL,CB18,pushbutton_tag_name
99,PDP04_CB19_OIP,BOOL,CB19,pushbutton_tag_name
100,PDP04_CB1_OIP,BOOL,CB1,pushbutton_tag_name
101,PDP04_CB20_OIP,BOOL,CB20,pushbutton_tag_name
102,PDP04_CB21_OIP,BOOL,CB21,pushbutton_tag_name
103,PDP04_CB22_OIP,BOOL,CB22,pushbutton_tag_name
104,PDP04_CB23_OIP,BOOL,CB23,pushbutton_tag_name
105,PDP04_CB24_OIP,BOOL,CB24,pushbutton_tag_name
106,PDP04_CB25_OIP,BOOL,CB25,pushbutton_tag_name
107,PDP04_CB26_OIP,BOOL,CB26,pushbutton_tag_name
108,PDP04_CB2_OIP,BOOL,CB2,pushbutton_tag_name
109,PDP04_CB3_OIP,BOOL,CB3,pushbutton_tag_name
110,PDP04_CB4_OIP,BOOL,CB4,pushbutton_tag_name
111,PDP04_CB5_OIP,BOOL,CB5,pushbutton_tag_name
112,PDP04_CB6_OIP,BOOL,CB6,pushbutton_tag_name
113,PDP04_CB7_OIP,BOOL,CB7,pushbutton_tag_name
114,PDP04_CB8_OIP,BOOL,CB8,pushbutton_tag_name
115,PDP04_CB9_OIP,BOOL,CB9,pushbutton_tag_name
116,PDP04_FIOH1_OIP,BOOL,PDP04_FIOH1,pushbutton_tag_name
117,PDP04_FIOM1_OIP,BOOL,PDP04_FIOM1,pushbutton_tag_name
118,PDP04_PHASE_MOTOR_FAULT_OIP,BOOL,PHASE_MOTOR,pushbutton_tag_name
119,UL17_19_DISC_OIP,BOOL,UL17_19_DISC,aux_disconnect_closed_tag_name
120,UL17_19_EPC1_CH1_OIP,BOOL,UL17_19_EPC1,channel_1_tag_name
121,UL17_19_EPC1_CH2_OIP,BOOL,UL17_19_EPC1,channel_2_tag_name
122,UL17_19_FIOM1_OIP,BOOL,UL17_19_FIOM1,pushbutton_tag_name
123,UL17_19_S1_PB_OIP,BOOL,UL17_19_S1,pushbutton_tag_name
124,UL17_19_TPE1_OIP,BOOL,UL17_19_TPE1,tag_name
125,UL17_19_VFD:I.ConnectionFaulted,BOOL,UL17_19_VFD_APF,connection_faulted_tag_name
126,UL17_19_VFD:I.DisconnectClosed,BOOL,UL17_19_VFD_APF,disconnect_closed_tag_name
127,UL17_19_VFD:I.Fault,BOOL,UL17_19_VFD_APF,fault_tag_name
128,UL17_19_VFD:I.KeypadHandMode,BOOL,UL17_19_VFD_APF,keypad_hand_mode_tag_name
129,UL17_19_VFD:I.OutputCurrent,REAL,UL17_19_VFD_APF,output_current_tag_name
130,UL17_19_VFD:I.OutputVoltage,REAL,UL17_19_VFD_APF,output_voltage_tag_name
131,UL17_19_VFD:I.Running,BOOL,UL17_19_VFD_APF,running_tag_name
132,UL17_19_VFD:I.SafeTorqueEnabled,BOOL,UL17_19_VFD_APF,safe_torque_enabled_tag_name
133,UL17_19_VFD:I.TripFaultCode,DINT,UL17_19_VFD_APF,trip_fault_code_tag_name
134,UL17_19_VFD:I.Velocity,REAL,UL17_19_VFD_APF,velocity_tag_name
135,UL17_20_DISC_OIP,BOOL,UL17_20_DISC,aux_disconnect_closed_tag_name
136,UL17_20_TPE1_OIP,BOOL,UL17_20_TPE1,tag_name
137,UL17_20_VFD:I.ConnectionFaulted,BOOL,UL17_20_VFD_APF,connection_faulted_tag_name
138,UL17_20_VFD:I.DisconnectClosed,BOOL,UL17_20_VFD_APF,disconnect_closed_tag_name
139,UL17_20_VFD:I.Fault,BOOL,UL17_20_VFD_APF,fault_tag_name
140,UL17_20_VFD:I.KeypadHandMode,BOOL,UL17_20_VFD_APF,keypad_hand_mode_tag_name
141,UL17_20_VFD:I.OutputCurrent,REAL,UL17_20_VFD_APF,output_current_tag_name
142,UL17_20_VFD:I.OutputVoltage,REAL,UL17_20_VFD_APF,output_voltage_tag_name
143,UL17_20_VFD:I.Running,BOOL,UL17_20_VFD_APF,running_tag_name
144,UL17_20_VFD:I.SafeTorqueEnabled,BOOL,UL17_20_VFD_APF,safe_torque_enabled_tag_name
145,UL17_20_VFD:I.TripFaultCode,DINT,UL17_20_VFD_APF,trip_fault_code_tag_name
146,UL17_20_VFD:I.Velocity,REAL,UL17_20_VFD_APF,velocity_tag_name
147,UL17_21_DISC_OIP,BOOL,UL17_21_DISC,aux_disconnect_closed_tag_name
148,UL17_21_TPE1_OIP,BOOL,UL17_21_TPE1,tag_name
149,UL17_21_VFD:I.ConnectionFaulted,BOOL,UL17_21_VFD_APF,connection_faulted_tag_name
150,UL17_21_VFD:I.DisconnectClosed,BOOL,UL17_21_VFD_APF,disconnect_closed_tag_name
151,UL17_21_VFD:I.Fault,BOOL,UL17_21_VFD_APF,fault_tag_name
152,UL17_21_VFD:I.KeypadHandMode,BOOL,UL17_21_VFD_APF,keypad_hand_mode_tag_name
153,UL17_21_VFD:I.OutputCurrent,REAL,UL17_21_VFD_APF,output_current_tag_name
154,UL17_21_VFD:I.OutputVoltage,REAL,UL17_21_VFD_APF,output_voltage_tag_name
155,UL17_21_VFD:I.Running,BOOL,UL17_21_VFD_APF,running_tag_name
156,UL17_21_VFD:I.SafeTorqueEnabled,BOOL,UL17_21_VFD_APF,safe_torque_enabled_tag_name
157,UL17_21_VFD:I.TripFaultCode,DINT,UL17_21_VFD_APF,trip_fault_code_tag_name
158,UL17_21_VFD:I.Velocity,REAL,UL17_21_VFD_APF,velocity_tag_name
159,UL17_22_DISC_OIP,BOOL,UL17_22_DISC,aux_disconnect_closed_tag_name
160,UL17_22_FIOM1_OIP,BOOL,UL17_22_FIOM1,pushbutton_tag_name
161,UL17_22_JR1_PB_OIP,BOOL,UL17_22_JR1,pushbutton_tag_name
162,UL17_22_TPE1_OIP,BOOL,UL17_22_TPE1,tag_name
163,UL17_22_VFD:I.ConnectionFaulted,BOOL,UL17_22_VFD_APF,connection_faulted_tag_name
164,UL17_22_VFD:I.DisconnectClosed,BOOL,UL17_22_VFD_APF,disconnect_closed_tag_name
165,UL17_22_VFD:I.Fault,BOOL,UL17_22_VFD_APF,fault_tag_name
166,UL17_22_VFD:I.KeypadHandMode,BOOL,UL17_22_VFD_APF,keypad_hand_mode_tag_name
167,UL17_22_VFD:I.OutputCurrent,REAL,UL17_22_VFD_APF,output_current_tag_name
168,UL17_22_VFD:I.OutputVoltage,REAL,UL17_22_VFD_APF,output_voltage_tag_name
169,UL17_22_VFD:I.Running,BOOL,UL17_22_VFD_APF,running_tag_name
170,UL17_22_VFD:I.SafeTorqueEnabled,BOOL,UL17_22_VFD_APF,safe_torque_enabled_tag_name
171,UL17_22_VFD:I.TripFaultCode,DINT,UL17_22_VFD_APF,trip_fault_code_tag_name
172,UL17_22_VFD:I.Velocity,REAL,UL17_22_VFD_APF,velocity_tag_name
173,UL17_23_DISC_OIP,BOOL,UL17_23_DISC,aux_disconnect_closed_tag_name
174,UL17_23_TPE1_OIP,BOOL,UL17_23_TPE1,tag_name
175,UL17_23_VFD:I.ConnectionFaulted,BOOL,UL17_23_VFD_APF,connection_faulted_tag_name
176,UL17_23_VFD:I.DisconnectClosed,BOOL,UL17_23_VFD_APF,disconnect_closed_tag_name
177,UL17_23_VFD:I.Fault,BOOL,UL17_23_VFD_APF,fault_tag_name
178,UL17_23_VFD:I.KeypadHandMode,BOOL,UL17_23_VFD_APF,keypad_hand_mode_tag_name
179,UL17_23_VFD:I.OutputCurrent,REAL,UL17_23_VFD_APF,output_current_tag_name
180,UL17_23_VFD:I.OutputVoltage,REAL,UL17_23_VFD_APF,output_voltage_tag_name
181,UL17_23_VFD:I.Running,BOOL,UL17_23_VFD_APF,running_tag_name
182,UL17_23_VFD:I.SafeTorqueEnabled,BOOL,UL17_23_VFD_APF,safe_torque_enabled_tag_name
183,UL17_23_VFD:I.TripFaultCode,DINT,UL17_23_VFD_APF,trip_fault_code_tag_name
184,UL17_23_VFD:I.Velocity,REAL,UL17_23_VFD_APF,velocity_tag_name
185,UL17_24_DISC_OIP,BOOL,UL17_24_DISC,aux_disconnect_closed_tag_name
186,UL17_24_LPE1_MEASUREMENT,REAL,UL17_24_LPE1,tag_name
187,UL17_24_LPE1_OIP,BOOL,UL17_24_LPE1,output_tag_name
188,UL17_24_LPE2_MEASUREMENT,REAL,UL17_24_LPE2,tag_name
189,UL17_24_LPE2_OIP,BOOL,UL17_24_LPE2,output_tag_name
190,UL17_24_TPE1_OIP,BOOL,UL17_24_TPE1,tag_name
191,UL17_24_VFD:I.ConnectionFaulted,BOOL,UL17_24_VFD_APF,connection_faulted_tag_name
192,UL17_24_VFD:I.DisconnectClosed,BOOL,UL17_24_VFD_APF,disconnect_closed_tag_name
193,UL17_24_VFD:I.Fault,BOOL,UL17_24_VFD_APF,fault_tag_name
194,UL17_24_VFD:I.KeypadHandMode,BOOL,UL17_24_VFD_APF,keypad_hand_mode_tag_name
195,UL17_24_VFD:I.OutputCurrent,REAL,UL17_24_VFD_APF,output_current_tag_name
196,UL17_24_VFD:I.OutputVoltage,REAL,UL17_24_VFD_APF,output_voltage_tag_name
197,UL17_24_VFD:I.Running,BOOL,UL17_24_VFD_APF,running_tag_name
198,UL17_24_VFD:I.SafeTorqueEnabled,BOOL,UL17_24_VFD_APF,safe_torque_enabled_tag_name
199,UL17_24_VFD:I.TripFaultCode,DINT,UL17_24_VFD_APF,trip_fault_code_tag_name
200,UL17_24_VFD:I.Velocity,REAL,UL17_24_VFD_APF,velocity_tag_name
201,UL17_25_DISC_OIP,BOOL,UL17_25_DISC,aux_disconnect_closed_tag_name
202,UL17_25_VFD:I.ConnectionFaulted,BOOL,UL17_25_VFD_APF,connection_faulted_tag_name
203,UL17_25_VFD:I.DisconnectClosed,BOOL,UL17_25_VFD_APF,disconnect_closed_tag_name
204,UL17_25_VFD:I.Fault,BOOL,UL17_25_VFD_APF,fault_tag_name
205,UL17_25_VFD:I.KeypadHandMode,BOOL,UL17_25_VFD_APF,keypad_hand_mode_tag_name
206,UL17_25_VFD:I.OutputCurrent,REAL,UL17_25_VFD_APF,output_current_tag_name
207,UL17_25_VFD:I.OutputVoltage,REAL,UL17_25_VFD_APF,output_voltage_tag_name
208,UL17_25_VFD:I.Running,BOOL,UL17_25_VFD_APF,running_tag_name
209,UL17_25_VFD:I.SafeTorqueEnabled,BOOL,UL17_25_VFD_APF,safe_torque_enabled_tag_name
210,UL17_25_VFD:I.TripFaultCode,DINT,UL17_25_VFD_APF,trip_fault_code_tag_name
211,UL17_25_VFD:I.Velocity,REAL,UL17_25_VFD_APF,velocity_tag_name
212,UL20_19_DISC_OIP,BOOL,UL20_19_DISC,aux_disconnect_closed_tag_name
213,UL20_19_EPC1_CH1_OIP,BOOL,UL20_19_EPC1,channel_1_tag_name
214,UL20_19_EPC1_CH2_OIP,BOOL,UL20_19_EPC1,channel_2_tag_name
215,UL20_19_FIOM1_OIP,BOOL,UL20_19_FIOM1,pushbutton_tag_name
216,UL20_19_S1_PB_OIP,BOOL,UL20_19_S1,pushbutton_tag_name
217,UL20_19_TPE1_OIP,BOOL,UL20_19_TPE1,tag_name
218,UL20_19_VFD:I.ConnectionFaulted,BOOL,UL20_19_VFD_APF,connection_faulted_tag_name
219,UL20_19_VFD:I.DisconnectClosed,BOOL,UL20_19_VFD_APF,disconnect_closed_tag_name
220,UL20_19_VFD:I.Fault,BOOL,UL20_19_VFD_APF,fault_tag_name
221,UL20_19_VFD:I.KeypadHandMode,BOOL,UL20_19_VFD_APF,keypad_hand_mode_tag_name
222,UL20_19_VFD:I.OutputCurrent,REAL,UL20_19_VFD_APF,output_current_tag_name
223,UL20_19_VFD:I.OutputVoltage,REAL,UL20_19_VFD_APF,output_voltage_tag_name
224,UL20_19_VFD:I.Running,BOOL,UL20_19_VFD_APF,running_tag_name
225,UL20_19_VFD:I.SafeTorqueEnabled,BOOL,UL20_19_VFD_APF,safe_torque_enabled_tag_name
226,UL20_19_VFD:I.TripFaultCode,DINT,UL20_19_VFD_APF,trip_fault_code_tag_name
227,UL20_19_VFD:I.Velocity,REAL,UL20_19_VFD_APF,velocity_tag_name
228,UL20_20_DISC_OIP,BOOL,UL20_20_DISC,aux_disconnect_closed_tag_name
229,UL20_20_TPE1_OIP,BOOL,UL20_20_TPE1,tag_name
230,UL20_20_VFD:I.ConnectionFaulted,BOOL,UL20_20_VFD_APF,connection_faulted_tag_name
231,UL20_20_VFD:I.DisconnectClosed,BOOL,UL20_20_VFD_APF,disconnect_closed_tag_name
232,UL20_20_VFD:I.Fault,BOOL,UL20_20_VFD_APF,fault_tag_name
233,UL20_20_VFD:I.KeypadHandMode,BOOL,UL20_20_VFD_APF,keypad_hand_mode_tag_name
234,UL20_20_VFD:I.OutputCurrent,REAL,UL20_20_VFD_APF,output_current_tag_name
235,UL20_20_VFD:I.OutputVoltage,REAL,UL20_20_VFD_APF,output_voltage_tag_name
236,UL20_20_VFD:I.Running,BOOL,UL20_20_VFD_APF,running_tag_name
237,UL20_20_VFD:I.SafeTorqueEnabled,BOOL,UL20_20_VFD_APF,safe_torque_enabled_tag_name
238,UL20_20_VFD:I.TripFaultCode,DINT,UL20_20_VFD_APF,trip_fault_code_tag_name
239,UL20_20_VFD:I.Velocity,REAL,UL20_20_VFD_APF,velocity_tag_name
240,UL20_21_DISC_OIP,BOOL,UL20_21_DISC,aux_disconnect_closed_tag_name
241,UL20_21_TPE1_OIP,BOOL,UL20_21_TPE1,tag_name
242,UL20_21_VFD:I.ConnectionFaulted,BOOL,UL20_21_VFD_APF,connection_faulted_tag_name
243,UL20_21_VFD:I.DisconnectClosed,BOOL,UL20_21_VFD_APF,disconnect_closed_tag_name
244,UL20_21_VFD:I.Fault,BOOL,UL20_21_VFD_APF,fault_tag_name
245,UL20_21_VFD:I.KeypadHandMode,BOOL,UL20_21_VFD_APF,keypad_hand_mode_tag_name
246,UL20_21_VFD:I.OutputCurrent,REAL,UL20_21_VFD_APF,output_current_tag_name
247,UL20_21_VFD:I.OutputVoltage,REAL,UL20_21_VFD_APF,output_voltage_tag_name
248,UL20_21_VFD:I.Running,BOOL,UL20_21_VFD_APF,running_tag_name
249,UL20_21_VFD:I.SafeTorqueEnabled,BOOL,UL20_21_VFD_APF,safe_torque_enabled_tag_name
250,UL20_21_VFD:I.TripFaultCode,DINT,UL20_21_VFD_APF,trip_fault_code_tag_name
251,UL20_21_VFD:I.Velocity,REAL,UL20_21_VFD_APF,velocity_tag_name
252,UL20_22_DISC_OIP,BOOL,UL20_22_DISC,aux_disconnect_closed_tag_name
253,UL20_22_FIOM1_OIP,BOOL,UL20_22_FIOM1,pushbutton_tag_name
254,UL20_22_JR1_PB_OIP,BOOL,UL20_22_JR1,pushbutton_tag_name
255,UL20_22_TPE1_OIP,BOOL,UL20_22_TPE1,tag_name
256,UL20_22_VFD:I.ConnectionFaulted,BOOL,UL20_22_VFD_APF,connection_faulted_tag_name
257,UL20_22_VFD:I.DisconnectClosed,BOOL,UL20_22_VFD_APF,disconnect_closed_tag_name
258,UL20_22_VFD:I.Fault,BOOL,UL20_22_VFD_APF,fault_tag_name
259,UL20_22_VFD:I.KeypadHandMode,BOOL,UL20_22_VFD_APF,keypad_hand_mode_tag_name
260,UL20_22_VFD:I.OutputCurrent,REAL,UL20_22_VFD_APF,output_current_tag_name
261,UL20_22_VFD:I.OutputVoltage,REAL,UL20_22_VFD_APF,output_voltage_tag_name
262,UL20_22_VFD:I.Running,BOOL,UL20_22_VFD_APF,running_tag_name
263,UL20_22_VFD:I.SafeTorqueEnabled,BOOL,UL20_22_VFD_APF,safe_torque_enabled_tag_name
264,UL20_22_VFD:I.TripFaultCode,DINT,UL20_22_VFD_APF,trip_fault_code_tag_name
265,UL20_22_VFD:I.Velocity,REAL,UL20_22_VFD_APF,velocity_tag_name
266,UL20_23_DISC_OIP,BOOL,UL20_23_DISC,aux_disconnect_closed_tag_name
267,UL20_23_TPE1_OIP,BOOL,UL20_23_TPE1,tag_name
268,UL20_23_VFD:I.ConnectionFaulted,BOOL,UL20_23_VFD_APF,connection_faulted_tag_name
269,UL20_23_VFD:I.DisconnectClosed,BOOL,UL20_23_VFD_APF,disconnect_closed_tag_name
270,UL20_23_VFD:I.Fault,BOOL,UL20_23_VFD_APF,fault_tag_name
271,UL20_23_VFD:I.KeypadHandMode,BOOL,UL20_23_VFD_APF,keypad_hand_mode_tag_name
272,UL20_23_VFD:I.OutputCurrent,REAL,UL20_23_VFD_APF,output_current_tag_name
273,UL20_23_VFD:I.OutputVoltage,REAL,UL20_23_VFD_APF,output_voltage_tag_name
274,UL20_23_VFD:I.Running,BOOL,UL20_23_VFD_APF,running_tag_name
275,UL20_23_VFD:I.SafeTorqueEnabled,BOOL,UL20_23_VFD_APF,safe_torque_enabled_tag_name
276,UL20_23_VFD:I.TripFaultCode,DINT,UL20_23_VFD_APF,trip_fault_code_tag_name
277,UL20_23_VFD:I.Velocity,REAL,UL20_23_VFD_APF,velocity_tag_name
278,UL20_24_DISC_OIP,BOOL,UL20_24_DISC,aux_disconnect_closed_tag_name
279,UL20_24_LPE1_MEASUREMENT,REAL,UL20_24_LPE1,tag_name
280,UL20_24_LPE1_OIP,BOOL,UL20_24_LPE1,output_tag_name
281,UL20_24_LPE2_MEASUREMENT,REAL,UL20_24_LPE2,tag_name
282,UL20_24_LPE2_OIP,BOOL,UL20_24_LPE2,output_tag_name
283,UL20_24_TPE1_OIP,BOOL,UL20_24_TPE1,tag_name
284,UL20_24_VFD:I.ConnectionFaulted,BOOL,UL20_24_VFD_APF,connection_faulted_tag_name
285,UL20_24_VFD:I.DisconnectClosed,BOOL,UL20_24_VFD_APF,disconnect_closed_tag_name
286,UL20_24_VFD:I.Fault,BOOL,UL20_24_VFD_APF,fault_tag_name
287,UL20_24_VFD:I.KeypadHandMode,BOOL,UL20_24_VFD_APF,keypad_hand_mode_tag_name
288,UL20_24_VFD:I.OutputCurrent,REAL,UL20_24_VFD_APF,output_current_tag_name
289,UL20_24_VFD:I.OutputVoltage,REAL,UL20_24_VFD_APF,output_voltage_tag_name
290,UL20_24_VFD:I.Running,BOOL,UL20_24_VFD_APF,running_tag_name
291,UL20_24_VFD:I.SafeTorqueEnabled,BOOL,UL20_24_VFD_APF,safe_torque_enabled_tag_name
292,UL20_24_VFD:I.TripFaultCode,DINT,UL20_24_VFD_APF,trip_fault_code_tag_name
293,UL20_24_VFD:I.Velocity,REAL,UL20_24_VFD_APF,velocity_tag_name
294,UL20_25_DISC_OIP,BOOL,UL20_25_DISC,aux_disconnect_closed_tag_name
295,UL20_25_VFD:I.ConnectionFaulted,BOOL,UL20_25_VFD_APF,connection_faulted_tag_name
296,UL20_25_VFD:I.DisconnectClosed,BOOL,UL20_25_VFD_APF,disconnect_closed_tag_name
297,UL20_25_VFD:I.Fault,BOOL,UL20_25_VFD_APF,fault_tag_name
298,UL20_25_VFD:I.KeypadHandMode,BOOL,UL20_25_VFD_APF,keypad_hand_mode_tag_name
299,UL20_25_VFD:I.OutputCurrent,REAL,UL20_25_VFD_APF,output_current_tag_name
300,UL20_25_VFD:I.OutputVoltage,REAL,UL20_25_VFD_APF,output_voltage_tag_name
301,UL20_25_VFD:I.Running,BOOL,UL20_25_VFD_APF,running_tag_name
302,UL20_25_VFD:I.SafeTorqueEnabled,BOOL,UL20_25_VFD_APF,safe_torque_enabled_tag_name
303,UL20_25_VFD:I.TripFaultCode,DINT,UL20_25_VFD_APF,trip_fault_code_tag_name
304,UL20_25_VFD:I.Velocity,REAL,UL20_25_VFD_APF,velocity_tag_name
305,UL23_19_DISC_OIP,BOOL,UL23_19_DISC,aux_disconnect_closed_tag_name
306,UL23_19_EPC1_CH1_OIP,BOOL,UL23_19_EPC1,channel_1_tag_name
307,UL23_19_EPC1_CH2_OIP,BOOL,UL23_19_EPC1,channel_2_tag_name
308,UL23_19_FIOM1_OIP,BOOL,UL23_19_FIOM1,pushbutton_tag_name
309,UL23_19_S1_PB_OIP,BOOL,UL23_19_S1,pushbutton_tag_name
310,UL23_19_TPE1_OIP,BOOL,UL23_19_TPE1,tag_name
311,UL23_19_VFD:I.ConnectionFaulted,BOOL,UL23_19_VFD_APF,connection_faulted_tag_name
312,UL23_19_VFD:I.DisconnectClosed,BOOL,UL23_19_VFD_APF,disconnect_closed_tag_name
313,UL23_19_VFD:I.Fault,BOOL,UL23_19_VFD_APF,fault_tag_name
314,UL23_19_VFD:I.KeypadHandMode,BOOL,UL23_19_VFD_APF,keypad_hand_mode_tag_name
315,UL23_19_VFD:I.OutputCurrent,REAL,UL23_19_VFD_APF,output_current_tag_name
316,UL23_19_VFD:I.OutputVoltage,REAL,UL23_19_VFD_APF,output_voltage_tag_name
317,UL23_19_VFD:I.Running,BOOL,UL23_19_VFD_APF,running_tag_name
318,UL23_19_VFD:I.SafeTorqueEnabled,BOOL,UL23_19_VFD_APF,safe_torque_enabled_tag_name
319,UL23_19_VFD:I.TripFaultCode,DINT,UL23_19_VFD_APF,trip_fault_code_tag_name
320,UL23_19_VFD:I.Velocity,REAL,UL23_19_VFD_APF,velocity_tag_name
321,UL23_20_DISC_OIP,BOOL,UL23_20_DISC,aux_disconnect_closed_tag_name
322,UL23_20_TPE1_OIP,BOOL,UL23_20_TPE1,tag_name
323,UL23_20_VFD:I.ConnectionFaulted,BOOL,UL23_20_VFD_APF,connection_faulted_tag_name
324,UL23_20_VFD:I.DisconnectClosed,BOOL,UL23_20_VFD_APF,disconnect_closed_tag_name
325,UL23_20_VFD:I.Fault,BOOL,UL23_20_VFD_APF,fault_tag_name
326,UL23_20_VFD:I.KeypadHandMode,BOOL,UL23_20_VFD_APF,keypad_hand_mode_tag_name
327,UL23_20_VFD:I.OutputCurrent,REAL,UL23_20_VFD_APF,output_current_tag_name
328,UL23_20_VFD:I.OutputVoltage,REAL,UL23_20_VFD_APF,output_voltage_tag_name
329,UL23_20_VFD:I.Running,BOOL,UL23_20_VFD_APF,running_tag_name
330,UL23_20_VFD:I.SafeTorqueEnabled,BOOL,UL23_20_VFD_APF,safe_torque_enabled_tag_name
331,UL23_20_VFD:I.TripFaultCode,DINT,UL23_20_VFD_APF,trip_fault_code_tag_name
332,UL23_20_VFD:I.Velocity,REAL,UL23_20_VFD_APF,velocity_tag_name
333,UL23_21_DISC_OIP,BOOL,UL23_21_DISC,aux_disconnect_closed_tag_name
334,UL23_21_TPE1_OIP,BOOL,UL23_21_TPE1,tag_name
335,UL23_21_VFD:I.ConnectionFaulted,BOOL,UL23_21_VFD_APF,connection_faulted_tag_name
336,UL23_21_VFD:I.DisconnectClosed,BOOL,UL23_21_VFD_APF,disconnect_closed_tag_name
337,UL23_21_VFD:I.Fault,BOOL,UL23_21_VFD_APF,fault_tag_name
338,UL23_21_VFD:I.KeypadHandMode,BOOL,UL23_21_VFD_APF,keypad_hand_mode_tag_name
339,UL23_21_VFD:I.OutputCurrent,REAL,UL23_21_VFD_APF,output_current_tag_name
340,UL23_21_VFD:I.OutputVoltage,REAL,UL23_21_VFD_APF,output_voltage_tag_name
341,UL23_21_VFD:I.Running,BOOL,UL23_21_VFD_APF,running_tag_name
342,UL23_21_VFD:I.SafeTorqueEnabled,BOOL,UL23_21_VFD_APF,safe_torque_enabled_tag_name
343,UL23_21_VFD:I.TripFaultCode,DINT,UL23_21_VFD_APF,trip_fault_code_tag_name
344,UL23_21_VFD:I.Velocity,REAL,UL23_21_VFD_APF,velocity_tag_name
345,UL23_22_DISC_OIP,BOOL,UL23_22_DISC,aux_disconnect_closed_tag_name
346,UL23_22_FIOM1_OIP,BOOL,UL23_22_FIOM1,pushbutton_tag_name
347,UL23_22_JR1_PB_OIP,BOOL,UL23_22_JR1,pushbutton_tag_name
348,UL23_22_TPE1_OIP,BOOL,UL23_22_TPE1,tag_name
349,UL23_22_VFD:I.ConnectionFaulted,BOOL,UL23_22_VFD_APF,connection_faulted_tag_name
350,UL23_22_VFD:I.DisconnectClosed,BOOL,UL23_22_VFD_APF,disconnect_closed_tag_name
351,UL23_22_VFD:I.Fault,BOOL,UL23_22_VFD_APF,fault_tag_name
352,UL23_22_VFD:I.KeypadHandMode,BOOL,UL23_22_VFD_APF,keypad_hand_mode_tag_name
353,UL23_22_VFD:I.OutputCurrent,REAL,UL23_22_VFD_APF,output_current_tag_name
354,UL23_22_VFD:I.OutputVoltage,REAL,UL23_22_VFD_APF,output_voltage_tag_name
355,UL23_22_VFD:I.Running,BOOL,UL23_22_VFD_APF,running_tag_name
356,UL23_22_VFD:I.SafeTorqueEnabled,BOOL,UL23_22_VFD_APF,safe_torque_enabled_tag_name
357,UL23_22_VFD:I.TripFaultCode,DINT,UL23_22_VFD_APF,trip_fault_code_tag_name
358,UL23_22_VFD:I.Velocity,REAL,UL23_22_VFD_APF,velocity_tag_name
359,UL23_23_DISC_OIP,BOOL,UL23_23_DISC,aux_disconnect_closed_tag_name
360,UL23_23_TPE1_OIP,BOOL,UL23_23_TPE1,tag_name
361,UL23_23_VFD:I.ConnectionFaulted,BOOL,UL23_23_VFD_APF,connection_faulted_tag_name
362,UL23_23_VFD:I.DisconnectClosed,BOOL,UL23_23_VFD_APF,disconnect_closed_tag_name
363,UL23_23_VFD:I.Fault,BOOL,UL23_23_VFD_APF,fault_tag_name
364,UL23_23_VFD:I.KeypadHandMode,BOOL,UL23_23_VFD_APF,keypad_hand_mode_tag_name
365,UL23_23_VFD:I.OutputCurrent,REAL,UL23_23_VFD_APF,output_current_tag_name
366,UL23_23_VFD:I.OutputVoltage,REAL,UL23_23_VFD_APF,output_voltage_tag_name
367,UL23_23_VFD:I.Running,BOOL,UL23_23_VFD_APF,running_tag_name
368,UL23_23_VFD:I.SafeTorqueEnabled,BOOL,UL23_23_VFD_APF,safe_torque_enabled_tag_name
369,UL23_23_VFD:I.TripFaultCode,DINT,UL23_23_VFD_APF,trip_fault_code_tag_name
370,UL23_23_VFD:I.Velocity,REAL,UL23_23_VFD_APF,velocity_tag_name
371,UL23_24_DISC_OIP,BOOL,UL23_24_DISC,aux_disconnect_closed_tag_name
372,UL23_24_LPE1_MEASUREMENT,REAL,UL23_24_LPE1,tag_name
373,UL23_24_LPE1_OIP,BOOL,UL23_24_LPE1,output_tag_name
374,UL23_24_LPE2_MEASUREMENT,REAL,UL23_24_LPE2,tag_name
375,UL23_24_LPE2_OIP,BOOL,UL23_24_LPE2,output_tag_name
376,UL23_24_TPE1_OIP,BOOL,UL23_24_TPE1,tag_name
377,UL23_24_VFD:I.ConnectionFaulted,BOOL,UL23_24_VFD_APF,connection_faulted_tag_name
378,UL23_24_VFD:I.DisconnectClosed,BOOL,UL23_24_VFD_APF,disconnect_closed_tag_name
379,UL23_24_VFD:I.Fault,BOOL,UL23_24_VFD_APF,fault_tag_name
380,UL23_24_VFD:I.KeypadHandMode,BOOL,UL23_24_VFD_APF,keypad_hand_mode_tag_name
381,UL23_24_VFD:I.OutputCurrent,REAL,UL23_24_VFD_APF,output_current_tag_name
382,UL23_24_VFD:I.OutputVoltage,REAL,UL23_24_VFD_APF,output_voltage_tag_name
383,UL23_24_VFD:I.Running,BOOL,UL23_24_VFD_APF,running_tag_name
384,UL23_24_VFD:I.SafeTorqueEnabled,BOOL,UL23_24_VFD_APF,safe_torque_enabled_tag_name
385,UL23_24_VFD:I.TripFaultCode,DINT,UL23_24_VFD_APF,trip_fault_code_tag_name
386,UL23_24_VFD:I.Velocity,REAL,UL23_24_VFD_APF,velocity_tag_name
387,UL23_25_DISC_OIP,BOOL,UL23_25_DISC,aux_disconnect_closed_tag_name
388,UL23_25_VFD:I.ConnectionFaulted,BOOL,UL23_25_VFD_APF,connection_faulted_tag_name
389,UL23_25_VFD:I.DisconnectClosed,BOOL,UL23_25_VFD_APF,disconnect_closed_tag_name
390,UL23_25_VFD:I.Fault,BOOL,UL23_25_VFD_APF,fault_tag_name
391,UL23_25_VFD:I.KeypadHandMode,BOOL,UL23_25_VFD_APF,keypad_hand_mode_tag_name
392,UL23_25_VFD:I.OutputCurrent,REAL,UL23_25_VFD_APF,output_current_tag_name
393,UL23_25_VFD:I.OutputVoltage,REAL,UL23_25_VFD_APF,output_voltage_tag_name
394,UL23_25_VFD:I.Running,BOOL,UL23_25_VFD_APF,running_tag_name
395,UL23_25_VFD:I.SafeTorqueEnabled,BOOL,UL23_25_VFD_APF,safe_torque_enabled_tag_name
396,UL23_25_VFD:I.TripFaultCode,DINT,UL23_25_VFD_APF,trip_fault_code_tag_name
397,UL23_25_VFD:I.Velocity,REAL,UL23_25_VFD_APF,velocity_tag_name
398,UL26_19_DISC_OIP,BOOL,UL26_19_DISC,aux_disconnect_closed_tag_name
399,UL26_19_EPC1_CH1_OIP,BOOL,UL26_19_EPC1,channel_1_tag_name
400,UL26_19_EPC1_CH2_OIP,BOOL,UL26_19_EPC1,channel_2_tag_name
401,UL26_19_FIOM1_OIP,BOOL,UL26_19_FIOM1,pushbutton_tag_name
402,UL26_19_S1_PB_OIP,BOOL,UL26_19_S1,pushbutton_tag_name
403,UL26_19_TPE1_OIP,BOOL,UL26_19_TPE1,tag_name
404,UL26_19_VFD:I.ConnectionFaulted,BOOL,UL26_19_VFD_APF,connection_faulted_tag_name
405,UL26_19_VFD:I.DisconnectClosed,BOOL,UL26_19_VFD_APF,disconnect_closed_tag_name
406,UL26_19_VFD:I.Fault,BOOL,UL26_19_VFD_APF,fault_tag_name
407,UL26_19_VFD:I.KeypadHandMode,BOOL,UL26_19_VFD_APF,keypad_hand_mode_tag_name
408,UL26_19_VFD:I.OutputCurrent,REAL,UL26_19_VFD_APF,output_current_tag_name
409,UL26_19_VFD:I.OutputVoltage,REAL,UL26_19_VFD_APF,output_voltage_tag_name
410,UL26_19_VFD:I.Running,BOOL,UL26_19_VFD_APF,running_tag_name
411,UL26_19_VFD:I.SafeTorqueEnabled,BOOL,UL26_19_VFD_APF,safe_torque_enabled_tag_name
412,UL26_19_VFD:I.TripFaultCode,DINT,UL26_19_VFD_APF,trip_fault_code_tag_name
413,UL26_19_VFD:I.Velocity,REAL,UL26_19_VFD_APF,velocity_tag_name
414,UL26_20_DISC_OIP,BOOL,UL26_20_DISC,aux_disconnect_closed_tag_name
415,UL26_20_TPE1_OIP,BOOL,UL26_20_TPE1,tag_name
416,UL26_20_VFD:I.ConnectionFaulted,BOOL,UL26_20_VFD_APF,connection_faulted_tag_name
417,UL26_20_VFD:I.DisconnectClosed,BOOL,UL26_20_VFD_APF,disconnect_closed_tag_name
418,UL26_20_VFD:I.Fault,BOOL,UL26_20_VFD_APF,fault_tag_name
419,UL26_20_VFD:I.KeypadHandMode,BOOL,UL26_20_VFD_APF,keypad_hand_mode_tag_name
420,UL26_20_VFD:I.OutputCurrent,REAL,UL26_20_VFD_APF,output_current_tag_name
421,UL26_20_VFD:I.OutputVoltage,REAL,UL26_20_VFD_APF,output_voltage_tag_name
422,UL26_20_VFD:I.Running,BOOL,UL26_20_VFD_APF,running_tag_name
423,UL26_20_VFD:I.SafeTorqueEnabled,BOOL,UL26_20_VFD_APF,safe_torque_enabled_tag_name
424,UL26_20_VFD:I.TripFaultCode,DINT,UL26_20_VFD_APF,trip_fault_code_tag_name
425,UL26_20_VFD:I.Velocity,REAL,UL26_20_VFD_APF,velocity_tag_name
426,UL26_21_DISC_OIP,BOOL,UL26_21_DISC,aux_disconnect_closed_tag_name
427,UL26_21_TPE1_OIP,BOOL,UL26_21_TPE1,tag_name
428,UL26_21_VFD:I.ConnectionFaulted,BOOL,UL26_21_VFD_APF,connection_faulted_tag_name
429,UL26_21_VFD:I.DisconnectClosed,BOOL,UL26_21_VFD_APF,disconnect_closed_tag_name
430,UL26_21_VFD:I.Fault,BOOL,UL26_21_VFD_APF,fault_tag_name
431,UL26_21_VFD:I.KeypadHandMode,BOOL,UL26_21_VFD_APF,keypad_hand_mode_tag_name
432,UL26_21_VFD:I.OutputCurrent,REAL,UL26_21_VFD_APF,output_current_tag_name
433,UL26_21_VFD:I.OutputVoltage,REAL,UL26_21_VFD_APF,output_voltage_tag_name
434,UL26_21_VFD:I.Running,BOOL,UL26_21_VFD_APF,running_tag_name
435,UL26_21_VFD:I.SafeTorqueEnabled,BOOL,UL26_21_VFD_APF,safe_torque_enabled_tag_name
436,UL26_21_VFD:I.TripFaultCode,DINT,UL26_21_VFD_APF,trip_fault_code_tag_name
437,UL26_21_VFD:I.Velocity,REAL,UL26_21_VFD_APF,velocity_tag_name
438,UL26_22_DISC_OIP,BOOL,UL26_22_DISC,aux_disconnect_closed_tag_name
439,UL26_22_FIOM1_OIP,BOOL,UL26_22_FIOM1,pushbutton_tag_name
440,UL26_22_JR1_PB_OIP,BOOL,UL26_22_JR1,pushbutton_tag_name
441,UL26_22_TPE1_OIP,BOOL,UL26_22_TPE1,tag_name
442,UL26_22_VFD:I.ConnectionFaulted,BOOL,UL26_22_VFD_APF,connection_faulted_tag_name
443,UL26_22_VFD:I.DisconnectClosed,BOOL,UL26_22_VFD_APF,disconnect_closed_tag_name
444,UL26_22_VFD:I.Fault,BOOL,UL26_22_VFD_APF,fault_tag_name
445,UL26_22_VFD:I.KeypadHandMode,BOOL,UL26_22_VFD_APF,keypad_hand_mode_tag_name
446,UL26_22_VFD:I.OutputCurrent,REAL,UL26_22_VFD_APF,output_current_tag_name
447,UL26_22_VFD:I.OutputVoltage,REAL,UL26_22_VFD_APF,output_voltage_tag_name
448,UL26_22_VFD:I.Running,BOOL,UL26_22_VFD_APF,running_tag_name
449,UL26_22_VFD:I.SafeTorqueEnabled,BOOL,UL26_22_VFD_APF,safe_torque_enabled_tag_name
450,UL26_22_VFD:I.TripFaultCode,DINT,UL26_22_VFD_APF,trip_fault_code_tag_name
451,UL26_22_VFD:I.Velocity,REAL,UL26_22_VFD_APF,velocity_tag_name
452,UL26_23_DISC_OIP,BOOL,UL26_23_DISC,aux_disconnect_closed_tag_name
453,UL26_23_TPE1_OIP,BOOL,UL26_23_TPE1,tag_name
454,UL26_23_VFD:I.ConnectionFaulted,BOOL,UL26_23_VFD_APF,connection_faulted_tag_name
455,UL26_23_VFD:I.DisconnectClosed,BOOL,UL26_23_VFD_APF,disconnect_closed_tag_name
456,UL26_23_VFD:I.Fault,BOOL,UL26_23_VFD_APF,fault_tag_name
457,UL26_23_VFD:I.KeypadHandMode,BOOL,UL26_23_VFD_APF,keypad_hand_mode_tag_name
458,UL26_23_VFD:I.OutputCurrent,REAL,UL26_23_VFD_APF,output_current_tag_name
459,UL26_23_VFD:I.OutputVoltage,REAL,UL26_23_VFD_APF,output_voltage_tag_name
460,UL26_23_VFD:I.Running,BOOL,UL26_23_VFD_APF,running_tag_name
461,UL26_23_VFD:I.SafeTorqueEnabled,BOOL,UL26_23_VFD_APF,safe_torque_enabled_tag_name
462,UL26_23_VFD:I.TripFaultCode,DINT,UL26_23_VFD_APF,trip_fault_code_tag_name
463,UL26_23_VFD:I.Velocity,REAL,UL26_23_VFD_APF,velocity_tag_name
464,UL26_24_DISC_OIP,BOOL,UL26_24_DISC,aux_disconnect_closed_tag_name
465,UL26_24_LPE1_MEASUREMENT,REAL,UL26_24_LPE1,tag_name
466,UL26_24_LPE1_OIP,BOOL,UL26_24_LPE1,output_tag_name
467,UL26_24_LPE2_MEASUREMENT,REAL,UL26_24_LPE2,tag_name
468,UL26_24_LPE2_OIP,BOOL,UL26_24_LPE2,output_tag_name
469,UL26_24_TPE1_OIP,BOOL,UL26_24_TPE1,tag_name
470,UL26_24_VFD:I.ConnectionFaulted,BOOL,UL26_24_VFD_APF,connection_faulted_tag_name
471,UL26_24_VFD:I.DisconnectClosed,BOOL,UL26_24_VFD_APF,disconnect_closed_tag_name
472,UL26_24_VFD:I.Fault,BOOL,UL26_24_VFD_APF,fault_tag_name
473,UL26_24_VFD:I.KeypadHandMode,BOOL,UL26_24_VFD_APF,keypad_hand_mode_tag_name
474,UL26_24_VFD:I.OutputCurrent,REAL,UL26_24_VFD_APF,output_current_tag_name
475,UL26_24_VFD:I.OutputVoltage,REAL,UL26_24_VFD_APF,output_voltage_tag_name
476,UL26_24_VFD:I.Running,BOOL,UL26_24_VFD_APF,running_tag_name
477,UL26_24_VFD:I.SafeTorqueEnabled,BOOL,UL26_24_VFD_APF,safe_torque_enabled_tag_name
478,UL26_24_VFD:I.TripFaultCode,DINT,UL26_24_VFD_APF,trip_fault_code_tag_name
479,UL26_24_VFD:I.Velocity,REAL,UL26_24_VFD_APF,velocity_tag_name
480,UL26_25_DISC_OIP,BOOL,UL26_25_DISC,aux_disconnect_closed_tag_name
481,UL26_25_VFD:I.ConnectionFaulted,BOOL,UL26_25_VFD_APF,connection_faulted_tag_name
482,UL26_25_VFD:I.DisconnectClosed,BOOL,UL26_25_VFD_APF,disconnect_closed_tag_name
483,UL26_25_VFD:I.Fault,BOOL,UL26_25_VFD_APF,fault_tag_name
484,UL26_25_VFD:I.KeypadHandMode,BOOL,UL26_25_VFD_APF,keypad_hand_mode_tag_name
485,UL26_25_VFD:I.OutputCurrent,REAL,UL26_25_VFD_APF,output_current_tag_name
486,UL26_25_VFD:I.OutputVoltage,REAL,UL26_25_VFD_APF,output_voltage_tag_name
487,UL26_25_VFD:I.Running,BOOL,UL26_25_VFD_APF,running_tag_name
488,UL26_25_VFD:I.SafeTorqueEnabled,BOOL,UL26_25_VFD_APF,safe_torque_enabled_tag_name
489,UL26_25_VFD:I.TripFaultCode,DINT,UL26_25_VFD_APF,trip_fault_code_tag_name
490,UL26_25_VFD:I.Velocity,REAL,UL26_25_VFD_APF,velocity_tag_name
491,UL29_19_DISC_OIP,BOOL,UL29_19_DISC,aux_disconnect_closed_tag_name
492,UL29_19_EPC1_CH1_OIP,BOOL,UL29_19_EPC1,channel_1_tag_name
493,UL29_19_EPC1_CH2_OIP,BOOL,UL29_19_EPC1,channel_2_tag_name
494,UL29_19_FIOM1_OIP,BOOL,UL29_19_FIOM1,pushbutton_tag_name
495,UL29_19_S1_PB_OIP,BOOL,UL29_19_S1,pushbutton_tag_name
496,UL29_19_TPE1_OIP,BOOL,UL29_19_TPE1,tag_name
497,UL29_19_VFD:I.ConnectionFaulted,BOOL,UL29_19_VFD_APF,connection_faulted_tag_name
498,UL29_19_VFD:I.DisconnectClosed,BOOL,UL29_19_VFD_APF,disconnect_closed_tag_name
499,UL29_19_VFD:I.Fault,BOOL,UL29_19_VFD_APF,fault_tag_name
500,UL29_19_VFD:I.KeypadHandMode,BOOL,UL29_19_VFD_APF,keypad_hand_mode_tag_name
501,UL29_19_VFD:I.OutputCurrent,REAL,UL29_19_VFD_APF,output_current_tag_name
502,UL29_19_VFD:I.OutputVoltage,REAL,UL29_19_VFD_APF,output_voltage_tag_name
503,UL29_19_VFD:I.Running,BOOL,UL29_19_VFD_APF,running_tag_name
504,UL29_19_VFD:I.SafeTorqueEnabled,BOOL,UL29_19_VFD_APF,safe_torque_enabled_tag_name
505,UL29_19_VFD:I.TripFaultCode,DINT,UL29_19_VFD_APF,trip_fault_code_tag_name
506,UL29_19_VFD:I.Velocity,REAL,UL29_19_VFD_APF,velocity_tag_name
507,UL29_20_DISC_OIP,BOOL,UL29_20_DISC,aux_disconnect_closed_tag_name
508,UL29_20_TPE1_OIP,BOOL,UL29_20_TPE1,tag_name
509,UL29_20_VFD:I.ConnectionFaulted,BOOL,UL29_20_VFD_APF,connection_faulted_tag_name
510,UL29_20_VFD:I.DisconnectClosed,BOOL,UL29_20_VFD_APF,disconnect_closed_tag_name
511,UL29_20_VFD:I.Fault,BOOL,UL29_20_VFD_APF,fault_tag_name
512,UL29_20_VFD:I.KeypadHandMode,BOOL,UL29_20_VFD_APF,keypad_hand_mode_tag_name
513,UL29_20_VFD:I.OutputCurrent,REAL,UL29_20_VFD_APF,output_current_tag_name
514,UL29_20_VFD:I.OutputVoltage,REAL,UL29_20_VFD_APF,output_voltage_tag_name
515,UL29_20_VFD:I.Running,BOOL,UL29_20_VFD_APF,running_tag_name
516,UL29_20_VFD:I.SafeTorqueEnabled,BOOL,UL29_20_VFD_APF,safe_torque_enabled_tag_name
517,UL29_20_VFD:I.TripFaultCode,DINT,UL29_20_VFD_APF,trip_fault_code_tag_name
518,UL29_20_VFD:I.Velocity,REAL,UL29_20_VFD_APF,velocity_tag_name
519,UL29_21_DISC_OIP,BOOL,UL29_21_DISC,aux_disconnect_closed_tag_name
520,UL29_21_TPE1_OIP,BOOL,UL29_21_TPE1,tag_name
521,UL29_21_VFD:I.ConnectionFaulted,BOOL,UL29_21_VFD_APF,connection_faulted_tag_name
522,UL29_21_VFD:I.DisconnectClosed,BOOL,UL29_21_VFD_APF,disconnect_closed_tag_name
523,UL29_21_VFD:I.Fault,BOOL,UL29_21_VFD_APF,fault_tag_name
524,UL29_21_VFD:I.KeypadHandMode,BOOL,UL29_21_VFD_APF,keypad_hand_mode_tag_name
525,UL29_21_VFD:I.OutputCurrent,REAL,UL29_21_VFD_APF,output_current_tag_name
526,UL29_21_VFD:I.OutputVoltage,REAL,UL29_21_VFD_APF,output_voltage_tag_name
527,UL29_21_VFD:I.Running,BOOL,UL29_21_VFD_APF,running_tag_name
528,UL29_21_VFD:I.SafeTorqueEnabled,BOOL,UL29_21_VFD_APF,safe_torque_enabled_tag_name
529,UL29_21_VFD:I.TripFaultCode,DINT,UL29_21_VFD_APF,trip_fault_code_tag_name
530,UL29_21_VFD:I.Velocity,REAL,UL29_21_VFD_APF,velocity_tag_name
531,UL29_22_DISC_OIP,BOOL,UL29_22_DISC,aux_disconnect_closed_tag_name
532,UL29_22_JR1_PB_OIP,BOOL,UL29_22_JR1,pushbutton_tag_name
533,UL29_22_TPE1_OIP,BOOL,UL29_22_TPE1,tag_name
534,UL29_22_VFD:I.ConnectionFaulted,BOOL,UL29_22_VFD_APF,connection_faulted_tag_name
535,UL29_22_VFD:I.DisconnectClosed,BOOL,UL29_22_VFD_APF,disconnect_closed_tag_name
536,UL29_22_VFD:I.Fault,BOOL,UL29_22_VFD_APF,fault_tag_name
537,UL29_22_VFD:I.KeypadHandMode,BOOL,UL29_22_VFD_APF,keypad_hand_mode_tag_name
538,UL29_22_VFD:I.OutputCurrent,REAL,UL29_22_VFD_APF,output_current_tag_name
539,UL29_22_VFD:I.OutputVoltage,REAL,UL29_22_VFD_APF,output_voltage_tag_name
540,UL29_22_VFD:I.Running,BOOL,UL29_22_VFD_APF,running_tag_name
541,UL29_22_VFD:I.SafeTorqueEnabled,BOOL,UL29_22_VFD_APF,safe_torque_enabled_tag_name
542,UL29_22_VFD:I.TripFaultCode,DINT,UL29_22_VFD_APF,trip_fault_code_tag_name
543,UL29_22_VFD:I.Velocity,REAL,UL29_22_VFD_APF,velocity_tag_name
544,UL29_23_DISC_OIP,BOOL,UL29_23_DISC,aux_disconnect_closed_tag_name
545,UL29_23_TPE1_OIP,BOOL,UL29_23_TPE1,tag_name
546,UL29_23_VFD:I.ConnectionFaulted,BOOL,UL29_23_VFD_APF,connection_faulted_tag_name
547,UL29_23_VFD:I.DisconnectClosed,BOOL,UL29_23_VFD_APF,disconnect_closed_tag_name
548,UL29_23_VFD:I.Fault,BOOL,UL29_23_VFD_APF,fault_tag_name
549,UL29_23_VFD:I.KeypadHandMode,BOOL,UL29_23_VFD_APF,keypad_hand_mode_tag_name
550,UL29_23_VFD:I.OutputCurrent,REAL,UL29_23_VFD_APF,output_current_tag_name
551,UL29_23_VFD:I.OutputVoltage,REAL,UL29_23_VFD_APF,output_voltage_tag_name
552,UL29_23_VFD:I.Running,BOOL,UL29_23_VFD_APF,running_tag_name
553,UL29_23_VFD:I.SafeTorqueEnabled,BOOL,UL29_23_VFD_APF,safe_torque_enabled_tag_name
554,UL29_23_VFD:I.TripFaultCode,DINT,UL29_23_VFD_APF,trip_fault_code_tag_name
555,UL29_23_VFD:I.Velocity,REAL,UL29_23_VFD_APF,velocity_tag_name
